{
  "fallback_names": ["Alice", "Bob", "Carol", "Dave", "Eve"],
  "email_domain": "example.com",
  "slack": {
    "default_channel": "general",
    "base_user_names": ["alice", "bob", "carol", "dave", "eve"],
    "time_filter_templates": [
      "Morning meetings are not possible next week; let's aim for after {time}.",
      "I can't do mornings; afternoons after {time} are better.",
      "Let's schedule in the afternoon, preferably after {time}.",
      "Early morning slots don't work for me; {time} or later would be ideal."
    ],
    "weekday_filter_templates": [
      "I'm unavailable on {days}; let's schedule midweek.",
      "I can't do {days}; {allowed_days} works best for me.",
      "Let's avoid {days}; {allowed_days} would be ideal.",
      "Monday and Tuesday are blocked; {allowed_days} is better."
    ],
    "doc_reference_templates": [
      "Let's use the time in the '{doc_title}' we wrote last week.",
      "Check the '{doc_title}' document for the scheduled time.",
      "The '{doc_title}' has the meeting details we agreed on.",
      "Refer to '{doc_title}' for the meeting schedule."
    ]
  },
  "contacts": {
    "contact_name_patterns": ["{name}"]
  },
  "jira": {
    "project_keys": ["API", "DOC", "PROJ", "TEAM"],
    "conflict_templates": [
      "Team Sync scheduled for {date} {slot}",
      "Sprint planning on {date} at {slot}",
      "All-hands meeting: {date} {slot}",
      "Deployment window: {date} {slot}",
      "Review meeting: {date} {slot}"
    ]
  },
  "drive": {
    "doc_title_templates": [
      "API Design Doc",
      "Project Planning",
      "Meeting Notes",
      "Team Sync Agenda",
      "Sprint Planning Doc"
    ],
    "doc_time_negative_templates": [
      "The previous plan was to meet on {date} {slot}, but that time no longer works.",
      "We had scheduled {date} {slot}, but that's been canceled.",
      "The {date} {slot} slot is no longer available.",
      "Original plan for {date} {slot} has been moved.",
      "We can't use {date} {slot} anymore; that slot is blocked.",
      "The meeting originally planned for {date} {slot} has been rescheduled."
    ]
  },
  "gmail": {
    "from_candidates": ["alice@example.com", "bob@example.com", "carol@example.com"],
    "to_candidates": ["team@example.com", "all@example.com"],
    "subject_templates": [
      "Schedule update",
      "Meeting time change",
      "Availability update",
      "Time slot conflict"
    ],
    "cancellation_templates": [
      "We can't do {date} {slot} anymore.",
      "{date} {slot} is no longer available.",
      "I need to cancel the {date} {slot} slot.",
      "The {date} {slot} time slot has been canceled.",
      "We can't use {date} {slot}; please pick another time.",
      "{date} {slot} won't work for me anymore."
    ],
    "timestamp_patterns": [
      "2025-11-20T09:00:00Z",
      "2025-11-20T10:00:00Z",
      "2025-11-20T11:00:00Z",
      "2025-11-21T09:00:00Z"
    ]
  }
}
