{
  "agent": {
    "system_message": "You are a helpful workplace assistant that can access multiple data sources (Slack, Gmail, Calendar, Contacts, Jira, Drive) to help users complete tasks. When solving tasks, consider information from multiple sources and make decisions based on a comprehensive view of all available data."
  },
    "judge": {
    "system_prompt": "You are an evaluator that scores agent responses based on answer requirements satisfaction and source-grounded reasoning."
  },
  "data_generation": {
    "calendar": "Generate realistic calendar data for the given task.",
    "slack": "Generate realistic Slack messages for the given task.",
    "contacts": "Generate realistic contact information for the given task.",
    "gmail": "Generate realistic Gmail threads for the given task.",
    "jira": "Generate realistic Jira issues for the given task.",
    "drive": "Generate realistic Drive files for the given task."
  },
  "tool_descriptions": {
    "calendar_list_events": {
      "minimal": "List calendar events for given email addresses within an optional date range.",
      "detailed": "List calendar events for given email addresses within an optional date range. Returns: {\"events\": [{\"email\": str, \"date\": \"YYYY-MM-DD\", \"slot\": \"HH:MM-HH:MM\", \"busy\": bool}]}. Each event shows whether a specific person is busy or free at a given time slot. Use this to inspect individual events before calculating free time. Example: calendar_list_events(email_addresses=['alice@example.com'], start_date='2025-12-01'). After listing events, you can call calendar_query_freebusy() to find common free slots."
    },
    "calendar_query_freebusy": {
      "minimal": "Query common free time slots for multiple email addresses within an optional date range.",
      "detailed": "Query common free time slots for multiple email addresses. This internally fetches events and calculates when all participants are available. Returns: {\"time_slots\": [{\"date\": \"YYYY-MM-DD\", \"slot\": \"HH:MM-HH:MM\", \"participants\": [str]}]}. Each time slot indicates when all specified email addresses are free. You can call this directly, or first call calendar_list_events to inspect events and then call this for calculation. Example: calendar_query_freebusy(email_addresses=['alice@example.com', 'bob@example.com'], start_date='2025-12-01', end_date='2025-12-07')."
    },
    "slack_list_channels": {
      "minimal": "List Slack channels.",
      "detailed": "List Slack channels. Returns: {\"channels\": [{\"channel_id\": str, \"name\": str}]}. Use this to see available channels before listing messages. After listing channels, you can call slack_list_messages() with a specific channel_id to get messages from that channel."
    },
    "slack_list_messages": {
      "minimal": "List Slack messages, optionally filtered by channel_id.",
      "detailed": "List Slack messages, optionally filtered by channel_id. If channel_id is not provided, returns messages from all channels. Returns: {\"messages\": [{\"message_id\": str (format: \"channel:index\"), \"channel_id\": str, \"text\": str, \"user\": str, \"timestamp\": str}]}. Use this to browse messages in a specific channel or across all channels. Example: slack_list_messages(channel_id='general') to get messages from the 'general' channel."
    },
    "slack_search_messages": {
      "minimal": "Search Slack messages by query string.",
      "detailed": "Search Slack messages by query string. Returns: {\"messages\": [{\"message_id\": str, \"channel_id\": str, \"text\": str, \"user\": str, \"timestamp\": str}]}. Returns messages matching the query. Use this to find time preferences, constraints, or references to documents. Important: Check Slack for any constraints on meeting times before proposing final slots. Tip: Try broad queries like 'meeting', 'time', 'schedule', or document names mentioned in messages. If a message references a document (e.g., 'API Design Doc'), search for that document in Drive using drive_list_files()."
    },
    "slack_get_channel": {
      "minimal": "Get channel information by channel_id.",
      "detailed": "Get channel information by channel_id. Returns: {\"channel_id\": str, \"name\": str}. Use this after slack_list_channels() to get channel information. Typically used to verify channel details before listing messages."
    },
    "contacts_search_by_name": {
      "minimal": "Search contacts by name.",
      "detailed": "Search contacts by name. Returns: {\"contacts\": [{\"name\": str, \"email\": str}]}. Use this to find email addresses for participants mentioned in the task. Example: contacts_search_by_name(name='Alice') to find Alice's contact information."
    },
    "gmail_list_threads": {
      "minimal": "List Gmail threads, optionally filtered by search query.",
      "detailed": "List Gmail threads, optionally filtered by search query. Returns: {\"threads\": [{\"thread_id\": str, \"subject\": str}]}. Use this to find threads by subject or search query. If query is not provided, returns all threads. After finding a thread, use gmail_get_thread() to get thread details with all messages. Example: gmail_list_threads(query='meeting') to find threads containing 'meeting'."
    },
    "gmail_list_messages": {
      "minimal": "List Gmail messages across all threads, optionally filtered by search query.",
      "detailed": "List Gmail messages across all threads, optionally filtered by search query. Returns: {\"messages\": [{\"message_id\": str (format: \"thread_id:index\"), \"subject\": str}]}. Use this to find individual messages by subject or search query. After finding a message, use gmail_get_message() to get message details. Example: gmail_list_messages(query='cancel') to find messages about cancellations."
    },
    "gmail_get_thread": {
      "minimal": "Get thread details by thread_id.",
      "detailed": "Get thread details by thread_id. Returns: The full thread object from the data source, containing {\"thread_id\": str, \"subject\": str, \"messages\": [{\"from\": str, \"to\": [str], \"subject\": str, \"text\": str, \"timestamp\": str}]}. Use this after gmail_list_threads() to read all messages in a thread. The thread contains all messages in the conversation, which is useful for understanding the full context of email exchanges."
    },
    "gmail_get_message": {
      "minimal": "Get message details by message_id.",
      "detailed": "Get message details by message_id. Returns: {\"message_id\": str, \"thread_id\": str, \"subject\": str, \"text\": str, \"from\": str, \"to\": [str], \"timestamp\": str}. Use this after gmail_list_messages() to read a specific message. Message IDs are in the format 'thread_id:index' (e.g., 'thread_001:0')."
    },
    "jira_list_projects": {
      "minimal": "List Jira projects.",
      "detailed": "List Jira projects. Returns: {\"projects\": [{\"project_key\": str, \"name\": str}]}. Use this to see available projects before searching issues. After listing projects, you can call jira_search_issues() with a specific project key to filter issues by project."
    },
    "jira_search_issues": {
      "minimal": "Search Jira issues using JQL query or filters.",
      "detailed": "Search Jira issues using JQL query or filters. Returns: {\"issues\": [{\"issue_key\": str (e.g., \"API-121\"), \"summary\": str, \"status\": str}]}. You can use JQL syntax (e.g., 'status=Open'), or filter by project and status separately. If no filters provided, returns all issues. Use this to find scheduled conflicts or time constraints. Important: Check Jira for any scheduled meetings or conflicts that might exclude certain time slots before proposing final slots. Example: jira_search_issues(jql='status=To Do') or jira_search_issues(project='API', status='To Do'). There might be a issue which has information about the meetings."
    },
    "jira_get_issue": {
      "minimal": "Get issue details by issue_key.",
      "detailed": "Get issue details by issue_key. Returns: {\"issue_key\": str, \"summary\": str, \"description\": str, \"status\": str}. Use this after jira_search_issues() to read a specific issue. Issue keys are in the format 'PROJ-123' (e.g., 'API-121')."
    },
    "jira_get_project": {
      "minimal": "Get project information by project_key.",
      "detailed": "Get project information by project_key. Returns: {\"project_key\": str, \"name\": str}. Use this after jira_list_projects() to get project information. Typically used to verify project details before searching issues."
    },
    "drive_list_files": {
      "minimal": "List Drive files, optionally filtered by search query.",
      "detailed": "List Drive files, optionally filtered by search query. Returns: {\"files\": [{\"file_id\": str, \"name\": str}]}. Use this to find files by name or search query. If query is not provided, returns all files. After finding a file, use drive_get_file() to get file metadata, or drive_export_file() to get file content. Example: drive_list_files(query='API Design Doc') to find a specific document. There might be a file which has information about the meetings."
    },
    "drive_get_file": {
      "minimal": "Get file details by file_id.",
      "detailed": "Get file details by file_id. Returns: {\"file_id\": str, \"name\": str}. Note: This does NOT return file content. To get file content, use drive_export_file() instead. Use this after drive_list_files() to get file metadata. File IDs are obtained from the file_id field in drive_list_files() results."
    },
    "drive_export_file": {
      "minimal": "Export file content by file_id.",
      "detailed": "Export file content by file_id. Returns: {\"content\": str}. This is the text content of the file. Use this after drive_list_files() or drive_get_file() to read the actual file content. Important: This is the only way to get file text content. File IDs are obtained from the file_id field in drive_list_files() or drive_get_file() results. Example: drive_export_file(file_id='file_004') to read the content of a file."
    }
  }
}
